Ordem,Nome,Local,Tipo
1,1 - Durga Kund Temple,"Durga Kund Temple, Varanasi",Templo
2,2 - Pilgrims Book House,"Pilgrims Book House, Durga Kund, Varanasi",Livraria
3,3 - Sankat Mochan (Hanuman),"Sankat Mochan Hanuman Temple, Varanasi",Templo
4,4 - Roma Cafe,"Roma Cafe, Assi Ghat, Varanasi",Restaurante
5,5 - Sparsa Ayurvedic Centre,"Sparsa Ayurvedic Centre, Assi, Varanasi",Massagem
6,6 - Natura India (attar),"Natura India, Assi Lanka, Varanasi",Loja
7,7 - Bala Ji Handicraft,"Bala Ji Handicraft, Assi Road, Bhadaini, Varanasi",Loja
8,8 - N M Emporium,"N M Emporium, Assi Ghat, Varanasi",Loja
9,9 - Fabindia,"Fabindia, Near Anandmayi Hospital, Bhadaini, Varanasi",Loja
